Tweet URL,Created At,Text,Tweet ID,Likes,Retweets,Replies,Hashtags,Mentions,URLs,tag,sentiment
https://x.com/cityandguilds/status/1895402359448043645,2025-02-28 09:15:12,"Wishing everyone celebrating a peaceful and blessed Ramadan a month filled with reflection, joy, and prosperity.#RamadanMubarak",Unknown,Unknown,Unknown,Unknown,#RamadanMubarak,@cityandguilds,,phrase_plus_2025,positive
https://x.com/ableskills/status/1895776318295318549,2025-03-01 10:01:10,"The Introduction to Plastering course is suitable for DIY plasterers and property renovators. 

It's a chance to learn the basic skills so you'll be able to competently plaster walls and ceilings.https://ableskills.co.uk/plastering-courses/city-guilds-introduction-to-plastering/…",Unknown,Unknown,Unknown,Unknown,,@ableskills,https://t.co/Z8RpqGUNqD,phrase_plus_2025,positive
https://x.com/ableskills/status/1896458074627465222,2025-03-03 07:10:14,"Many practical benefits come with learning a new skill like carpentry.

From being able to carry out basic repairs to tackling home improvements and renovations, all without relying on a tradesperson.  

Want to find out more?https://ow.ly/Ujeq50TTPWL",Unknown,Unknown,Unknown,Unknown,,@ableskills,https://t.co/EX1rjbjZQU,phrase_plus_2025,positive
https://x.com/OverseasExams/status/1896660288998359489,2025-03-03 20:33:45,"#JobOpeningWe seeking dedicated individuals for the role of Examination Supervisor for CXC,City & Guilds, NCTVET, & Cambridge Exams. See images for details and submit your resume and a brief cover letter to supervisor@overseasexams.org.jm by MONDAY, March 10, 2025.",Unknown,Unknown,Unknown,Unknown,#JobOpening,@OverseasExams,,phrase_plus_2025,neutral
https://x.com/InstNeighbour/status/1896853453911335330,2025-03-04 09:21:19,"Project SEARCH Aberdeen
A one-year internship helping young people (16-24) with learning disabilities & autism gain skills & work experience. With 3 placements at@aberdeenuni+ aCity & GuildsLevel 1 Certificate, it boosts employability—10x the national average!#Inclusion",Unknown,Unknown,Unknown,Unknown,#Inclusion,"@InstNeighbour, @aberdeenuni",,phrase_plus_2025,positive
https://x.com/Agriculturaljob/status/1896500819039502508,2025-03-03 10:00:05,"City & GuildsJobs of the Week!If you would like to find out further information on these job roles and to apply, please visit our partner spotlight page on our website;https://buff.ly/4aVcSka#agrifj#agriculturalandfarmingjobs#cityandguilds#landbasedopportunities",Unknown,Unknown,Unknown,Unknown,"#agrifj, #agriculturalandfarmingjobs, #cityandguilds, #landbasedopportunities",@Agriculturaljob,https://t.co/C2HX8Wzk7x,phrase_plus_2025,neutral
https://x.com/TyresNTDA/status/1896893388215009547,2025-03-04 12:00:00,"Licence to Fit, March 17-21st

The program is regarded as the industry standard for training tyre technicians. Upon successfully completing the course, both new & experienced technicians earn an industry-recognizedCity & Guildsaccreditation.https://tinyurl.com/NTDATyres",Unknown,Unknown,Unknown,Unknown,,@TyresNTDA,https://t.co/ZeCXwtlx8J,phrase_plus_2025,positive
https://x.com/cityandguilds/status/1895477861898702969,2025-02-28 14:15:13,"We’d like to wish chef, presenter, author, and former@cityandguildscatering learner@AinsleyFoodsa very happy birthday!Our CEO,@K_DonnellyCEO, caught up with Ainsley to reflect on his time at college.

Watch it here:https://cityandguilds.com/about-us/inspire…#SkillsChangeLives",Unknown,Unknown,Unknown,Unknown,#SkillsChangeLives,"@cityandguilds, @cityandguilds, @AinsleyFoods, @K_DonnellyCEO",https://t.co/65daI39VRi,phrase_plus_2025,positive
https://x.com/cityandguilds/status/1895817361544151149,2025-03-01 12:44:16,"Happy St David’s Day!Today, our colleagues@AngharadCandG, Sian Beddis, and Andrew Marubbi share the skills development themes they’re most passionate about and committed to driving forward in Wales.#StDavidsDay#Wales#SkillsDevelopment",Unknown,Unknown,Unknown,Unknown,"#StDavidsDay, #Wales, #SkillsDevelopment","@cityandguilds, @AngharadCandG",,phrase_plus_2025,positive
https://x.com/suttoncollege/status/1896274338338246761,2025-03-02 19:00:07,"Green fingers but no garden?
Our Allotment and Healthy living class is just the ticket! This Level 1 qualification will teach you all the basics, from preparing your plot to picking your produce. For some learners, it's completely free!
Seehttps://bit.ly/3EEz7yE",Unknown,Unknown,Unknown,Unknown,,@suttoncollege,https://t.co/2mdeZVfe73,phrase_plus_2025,positive
https://x.com/OmbudsmanTweets/status/1896877908788117844,2025-03-04 10:58:30,"OurCity & Guildsaccredited course on Consumer Law and Customer Service is taking place on 25 & 26 March.You can reserve your place on our website,https://lnkd.in/dUDT8nvcor over the phone0333 241 3209#customerservice#consumerlaw#ADR#complaintshandling#training",Unknown,Unknown,Unknown,Unknown,"#customerservice, #consumerlaw, #ADR, #complaintshandling, #training",@OmbudsmanTweets,https://t.co/xemsFZ8px8,phrase_plus_2025,neutral
https://x.com/ableskills/status/1896893527671407053,2025-03-04 12:00:34,Find out why Jack chose Able Skills for hisCity & GuildsTiling Course and how his newly learned skills will help with his new career.,Unknown,Unknown,Unknown,Unknown,,@ableskills,"https://t.co/M2QYiV1eFO, https://t.co/M2QYiV1eFO",phrase_plus_2025,positive
https://x.com/1NTS/status/1895323096996876586,2025-02-28 04:00:14,"At the end of our 2 daysCity & Guildsaccredited#RiskAssessmentTraintheTrainercourse, you will be able to train other people who have little or no knowledge or experience in health and safety in basic risk assessment techniques.https://ntstraining.co.uk/trainer-courses/risk-assessment-train-the-trainer/…#CityandGuildsApproved",Unknown,Unknown,Unknown,Unknown,"#RiskAssessmentTraintheTrainer, #CityandGuildsApproved","NTS@Health&Safety, @1NTS",https://t.co/CLvv8XT3Ca,phrase_plus_2025,neutral
https://x.com/GoldcrossHSE/status/1896811866376098042,2025-03-04 06:36:04,"We provide high-quality accredited courses and are one of the UK’s leading independent#healthandsafetytrainingcompany’s.

Our courses are accredited by recognised bodies, including#CITB,#IOSH,#NEBOSH,#NUCO(#FirstAid),City & Guildshttps://goldcross-training.co.uk02036335505",Unknown,Unknown,Unknown,Unknown,"#healthandsafetytraining, #CITB, #IOSH, #NEBOSH, #NUCO, #FirstAid",@GoldcrossHSE,https://t.co/6luBXuH6c9,phrase_plus_2025,positive
https://x.com/cityandguilds/status/1896632439914877421,2025-03-03 18:43:06,"It's fantastic to see@SalfordSCCGrouprecognised for their outstanding employer engagement. This is a crucial aspect of providing relevant and effective education. 
Congratulations!#CollegesWeek2025#AoCBeacons",Unknown,Unknown,Unknown,Unknown,"#CollegesWeek2025, #AoCBeacons","@cityandguilds, @SalfordSCCGroup",,phrase_plus_2025,positive
https://x.com/BSEEMagazine/status/1896597579477241873,2025-03-03 16:24:34,Become and associate withCity & Guilds,Unknown,Unknown,Unknown,Unknown,,@BSEEMagazine,"https://t.co/0gzFltr3ah, https://t.co/0gzFltr3ah",phrase_plus_2025,neutral
https://x.com/felixm88/status/1896493221171409068,2025-03-03 09:29:53,"Good morning Adv , which branch did you go to, we would like to make sure we address to the issue asap.",Unknown,Unknown,Unknown,Unknown,,"@felixm88, @advocatemahere, @econetzimbabwe",,phrase_plus_2025,neutral
https://x.com/DarknessShines1/status/1895543074044199144,2025-02-28 18:34:20,"At 14 I worked on farms, picked Cockles, worked trawlers and had a window cleaning round. Moved to the UK at 16 and started on the buildings. Time served plasterer NVQ2 CarpentryCity & Guildsin plumbing and heating systems. I kept learning and improving, did you think I'm 14?",Unknown,Unknown,Unknown,Unknown,,"@DarknessShines1, @Aodh_MagUidhir",,phrase_plus_2025,neutral
https://x.com/felixm88/status/1896647941835890875,2025-03-03 19:44:42,Too much hallucinations Cde,Unknown,Unknown,Unknown,Unknown,,"@felixm88, @TechMagZW, @OurMDCT",,phrase_plus_2025,neutral
https://x.com/felixm88/status/1895543323366211995,2025-02-28 18:35:20,,Unknown,Unknown,Unknown,Unknown,,"@felixm88, @ali_naka, @TTMambeu",,phrase_plus_2025,unknown
https://x.com/matbogus/status/1896689973430198311,2025-03-03 22:31:43,City & GuildsUnion taught me everything,Unknown,Unknown,Unknown,Unknown,,"@matbogus, @yacineMTB",,phrase_plus_2025,positive
https://x.com/ALHorwich/status/1897972007616041072,2025-03-07 11:26:03,"TheCity & GuildsLevel 3 Welding course is designed for industry professionals looking to enhance their expertise, master advanced welding techniques, and boost their career prospects.https://rb.gy/vbmub201204 677811#SkillsForSuccess#WeldingCourses",Unknown,Unknown,Unknown,Unknown,"#SkillsForSuccess, #WeldingCourses",@ALHorwich,https://t.co/5Sk6X49pch,phrase_plus_2025,positive
https://x.com/PeterABedford/status/1897300737983431124,2025-03-05 14:58:40,"Today I met with@cityandguildsWork & Skills play a central role in social mobility; it was great to:
Collaborate in unlocking skills, driving growth, and supporting prosperity, learn about the impact ofCity & Guildsin Mid Leicestershire, and hear directly from apprentices",Unknown,Unknown,Unknown,Unknown,,"@PeterABedford, @cityandguilds",,phrase_plus_2025,positive
https://x.com/ableskills/status/1898977227892572649,2025-03-10 06:00:27,"Introduction to bricklaying is specifically designed to teach the basics of bricklaying to beginners, so it’s suitable for anyone who wants to learn for DIY projects or home improvements.

Follow the link for dates and details.https://ow.ly/CqU450UVBnp",Unknown,Unknown,Unknown,Unknown,,@ableskills,https://t.co/OmhCZHFv5P,phrase_plus_2025,positive
https://x.com/RLong_Bailey/status/1897311842516766808,2025-03-05 15:42:48,"3/3 Also won: theCity & GuildsAward for College Engagement with Employers, for the College’s outstanding efforts in forging strong, sustainable partnerships with employers through its Industry Partners initiative, ensuring students gain valuable real-world industry experiences",Unknown,Unknown,Unknown,Unknown,,"@RLong_Bailey, @RLong_Bailey",,phrase_plus_2025,positive
https://x.com/cityandguilds/status/1899053079040803026,2025-03-10 11:01:51,"We’re delighted to announce the launch of ‘Skills: The New Global Currency?’ – a new report from hundoLAB, withCity & Guildsas Lead Expert Partner. 

Download the report today:https://ow.ly/v5tM50VeF0R@hundo_xyz#Skills",Unknown,Unknown,Unknown,Unknown,#Skills,"@cityandguilds, @hundo_xyz",https://t.co/2f8IOCcDI2,phrase_plus_2025,positive
https://x.com/ableskills/status/1898313044259651780,2025-03-08 10:01:13,"TheCity & GuildsLevel 2 Electrical Course is an ideal entry point if you have no experience and want to achieve an industry-recognised qualification. 

Visit the website or call us on 01322 280 202 to find out what you can learn with Able Skills.https://ow.ly/8nZg50UASy6",Unknown,Unknown,Unknown,Unknown,,@ableskills,https://t.co/ySkniqaJzU,phrase_plus_2025,positive
https://x.com/IepInfo/status/1897915683616301525,2025-03-07 07:42:15,"Building on the success of the last five years, the#IEPis excited to host this year's#IEPSummit2025in a brand-new location and with a new headline sponsor,City & Guilds.https://members.myiep.uk/events/6777d0a9d02d810008204b9c/description…@IEPInfo@cityandguilds#JourneyToTheSummit#TheIndustryEvent#IEPEvents",Unknown,Unknown,Unknown,Unknown,"#IEP, #IEPSummit2025, #JourneyToTheSummit, #TheIndustryEvent, #IEPEvents","@IepInfo, @IEPInfo, @cityandguilds",https://t.co/SuKPkCKaVf,phrase_plus_2025,positive
https://x.com/ConsultingMCP/status/1897524799833829497,2025-03-06 05:49:01,Only 2 Spaces Left!Our#City&Guilds accredited#MaintenanceBest Practice interactive workshop is nearly full—just two spots remain for 18-21 March 2025 in Solihull!Location: SolihullDate: 18-21 March 2025Book now:https://zurl.co/aI1nk,Unknown,Unknown,Unknown,Unknown,"#City, #Maintenance",@ConsultingMCP,https://t.co/ry0PL0UrKn,phrase_plus_2025,positive
https://x.com/NEANIreland/status/1897604243487359333,2025-03-06 11:04:42,One of our most popular courses for Energy Efficiency Advisers is back. This course leads to the National Energy Action/City & GuildsLevel 3 Award in Energy Awareness. Dates: 12-14 May. Exams: 21 May.https://tinyurl.com/NEANITrainingTo book please contact nichola.macdougall@nea.org.uk,Unknown,Unknown,Unknown,Unknown,,@NEANIreland,https://t.co/haAbQQvfbl,phrase_plus_2025,positive
https://x.com/Agriculturaljob/status/1897225644150227406,2025-03-05 10:00:16,Agricultural and Farming Jobs are proud to be partnering withCity & Guilds.Please take a look at their current Land Based job vacancies -https://buff.ly/6zgA6fn#agrifj#agriculturalandfarmingjobs#cityandguilds#cityandguilds#partnership#landbasedjobs,Unknown,Unknown,Unknown,Unknown,"#agrifj, #agriculturalandfarmingjobs, #cityandguilds, #cityandguilds, #partnership, #landbasedjobs",@Agriculturaljob,https://t.co/GSPl9WNvsR,phrase_plus_2025,positive
https://x.com/_yasboy/status/1897088401930891737,2025-03-05 00:54:55,je viens d'apprendre que je fais partie de laCity & GuildsUnion,Unknown,Unknown,Unknown,Unknown,,@_yasboy,,phrase_plus_2025,neutral
https://x.com/GoldcrossHSE/status/1897875177142108185,2025-03-07 05:01:17,"We provide high-quality accredited courses and are one of the UK’s leading independent#healthandsafetytrainingcompany’s.
Our courses are accredited by recognised bodies including:#CITB,#IOSH,#NEBOSH,#NUCO(#FirstAid),City & Guilds.https://goldcross-training.co.uk#healthandsafety",Unknown,Unknown,Unknown,Unknown,"#healthandsafetytraining, #CITB, #IOSH, #NEBOSH, #NUCO, #FirstAid, #healthandsafety",@GoldcrossHSE,https://t.co/6luBXuH6c9,phrase_plus_2025,positive
https://x.com/cityandguilds/status/1897584563775275181,2025-03-06 09:46:30,"It's crucial to recognise the vital link between traditional craftsmanship, heritage preservation, and the thriving creative industries. 
We're proud to support discussions that explore how these skills are nurtured and passed on to future generations.",Unknown,Unknown,Unknown,Unknown,,@cityandguilds,,phrase_plus_2025,positive
https://x.com/suttoncollege/status/1897723888475267477,2025-03-06 19:00:07,"Green fingers but no garden?
Our Allotment and Healthy living class is just the ticket! This Level 1 qualification will teach you all the basics, from preparing your plot to picking your produce. For some learners, it's completely free! Seehttps://bit.ly/3EEz7yE",Unknown,Unknown,Unknown,Unknown,,@suttoncollege,https://t.co/2mdeZVfe73,phrase_plus_2025,positive
https://x.com/suttoncollege/status/1898750689351761933,2025-03-09 15:00:16,"Green fingers but no garden? Join our Allotment and Healthy living class!
This Level 1 qualification will teach you all the basics, from preparing your plot to picking your produce. For some learners, it's completely free! Starts Thursday!
Seehttps://bit.ly/3EEz7yE",Unknown,Unknown,Unknown,Unknown,,@suttoncollege,https://t.co/2mdeZVfe73,phrase_plus_2025,positive
https://x.com/chesterfieldsjw/status/1899145154860102066,2025-03-10 17:07:43,"Stephen is a qualified MS Professional,City & GuildsComputer Science expert, qualified computer network and CISCO specialist and an authority on Human Reverse Engineering. 
 
Stephen is anAI expert who can help you save, time, money and improve profits !",Unknown,Unknown,Unknown,Unknown,,@chesterfieldsjw,,phrase_plus_2025,positive
https://x.com/cityandguilds/status/1897584870244729285,2025-03-06 09:47:43,It's crucial to empower individuals to unlock their potential and take the next step in their careers. We're proud to be included among the organisations supporting this important initiative.,Unknown,Unknown,Unknown,Unknown,,"@cityandguilds, @MandTrainUK, @TheCareerCoach3, @prospectsUK",,phrase_plus_2025,positive
https://x.com/cityandguilds/status/1897302810997539064,2025-03-05 15:06:54,Thank you so much for attending!,Unknown,Unknown,Unknown,Unknown,,"@cityandguilds, @PeterABedford",,phrase_plus_2025,positive
https://x.com/goodnessrossri/status/1897166352315818316,2025-03-05 06:04:40,"My father scored the highest incity&guildsthat had his face published in UK magazine yet this country didnt even offer him an employment later part of life. Just the rigged systen endorsements of religions, political and corrupt dirty businessnmen hired.",Unknown,Unknown,Unknown,Unknown,,@goodnessrossri,,phrase_plus_2025,negative
https://x.com/FrancisLaye/status/1898811464950952184,2025-03-09 19:01:46,"I went to Horticultural college for 2 years..gotCity & Guilds1&2 
Served me well..",Unknown,Unknown,Unknown,Unknown,,"@FrancisLaye, @SallyAllyM",,phrase_plus_2025,positive
https://x.com/BrownClaby/status/1899246556336803844,2025-03-10 23:50:39,Yes but he didn’t get hisCity & Guilds,Unknown,Unknown,Unknown,Unknown,,"@BrownClaby, @obsidian_rex, @dbeggs13",,phrase_plus_2025,neutral
https://x.com/pope2023/status/1897843371219071393,2025-03-07 02:54:54,"ACity & Guilds, in something, should be more than enough to enter a training contract and qualify as a solicitor, IMHO.",Unknown,Unknown,Unknown,Unknown,,"@pope2023, @John_Banks12, @SBarrettBar",,phrase_plus_2025,neutral
https://x.com/MarkNeary1/status/1897379810869166273,2025-03-05 20:12:53,She's probably got aCity & Guildscertificate in locking people in seclusion rooms for decades because it's in their best interests.,Unknown,Unknown,Unknown,Unknown,,"@MarkNeary1, @Dan60036994",,phrase_plus_2025,negative
https://x.com/HaighMarianne/status/1897234767919407249,2025-03-05 10:36:32,"“I am also a chef, restaurant owner, what she shares is really useful for me.” I am sorry but if you found her TV show useful, where did you train, McDonald’s? I trained for 3 years in college, plus in house training, in a fully working kitchen. I holdcity & guildscertificates.",Unknown,Unknown,Unknown,Unknown,,"@HaighMarianne, @NgPanhAnne",,phrase_plus_2025,positive
https://x.com/EddieTallon1916/status/1899063342280446000,2025-03-10 11:42:38,"School cooks , I’m sure they werecity & guildstrained back then as well . I always enjoyed school meals .",Unknown,Unknown,Unknown,Unknown,,"@EddieTallon1916, @YesterdaysBrit1",,phrase_plus_2025,positive
https://x.com/ableskills/status/1900849636165718126,2025-03-15 10:00:43,"The Able Skills Advanced Dry Lining, Taping & Jointing Programme is a four-week course accredited byCity & Guilds. 

This bespoke training is designed to equip you with the current skills essential to securing work in the industry.https://ow.ly/ernV50ULVoN",Unknown,Unknown,Unknown,Unknown,,@ableskills,https://t.co/6ujm6z8sGn,phrase_plus_2025,neutral
https://x.com/ALHorwich/status/1900136269977473466,2025-03-13 10:46:04,"TheCity & GuildsLevel 3 Welding course is designed for industry professionals looking to enhance their expertise, master advanced welding techniques, and boost their career prospects.https://rb.gy/vbmub201204 677811#WeldingTraining#SkillsForSuccess",Unknown,Unknown,Unknown,Unknown,"#WeldingTraining, #SkillsForSuccess",@ALHorwich,https://t.co/5Sk6X49pch,phrase_plus_2025,positive
https://x.com/LNwire/status/1899787163778068791,2025-03-12 11:38:50,New research fromCity & Guildsfinds a lack of support for nearly one in three neurodiverse employees - Learning Newshttps://learningnews.com/news/city-and-guilds/2025/new-research-from-city-guilds-finds-a-lack-of-support-for-nearly-one-in-three-neurodiverse-employee…@cityandguilds,Unknown,Unknown,Unknown,Unknown,,"@LNwire, @cityandguilds","https://t.co/ugiswQghjY, https://t.co/ugiswQghjY, https://t.co/ugiswQghjY",phrase_plus_2025,neutral
https://x.com/acorn_safety/status/1899915075428692476,2025-03-12 20:07:07,Congratulations to Efe who has just passed his Risk Assessment for Legionella and Water Hygiene Control in Water Systems (WH004) - aCity & Guildsassured course.Well done Efe#watersystems#legionella,Unknown,Unknown,Unknown,Unknown,"#watersystems, #legionella",@acorn_safety,,phrase_plus_2025,positive
https://x.com/RossCheal10/status/1900846497802981538,2025-03-15 09:48:15,Why have all mags got aCity & Guildsin Microsoft Painthttps://x.com/Rob_saunders6//Rob_saunders6/status/1900834599212597755…,Unknown,Unknown,Unknown,Unknown,,@RossCheal10,,phrase_plus_2025,neutral
https://x.com/Agriculturaljob/status/1900517369631347046,2025-03-14 12:00:25,Agricultural and Farming Jobs are proud to be partnering withCity & Guilds.Please take a look at their current Land Based job vacancies on our website -https://buff.ly/WxJUFHI#agrifj#agriculturalandfarmingjobs#cityandguilds#cityandguilds#partnership#landbasedjobs,Unknown,Unknown,Unknown,Unknown,"#agrifj, #agriculturalandfarmingjobs, #cityandguilds, #cityandguilds, #partnership, #landbasedjobs",@Agriculturaljob,https://t.co/W40G5XXSae,phrase_plus_2025,positive
https://x.com/TPulsezim/status/1900247115076370502,2025-03-13 18:06:31,Zimpact and Sunshine Zimbabwe Project have launched a life skills initiative withCity & Guildsinstitution to educate students on the dangers of alcohol and driving. This effort aims to combat Zimbabwe's alarming rate of 8 daily fatalities due to drunk driving...source : Zimpact,Unknown,Unknown,Unknown,Unknown,,@TPulsezim,,phrase_plus_2025,neutral
https://x.com/McCraeTraining/status/1901566686605799917,2025-03-17 09:30:02,"Only a couple more weeks to go till ourCity & GuildsConfined Space Training - Medium Risk course, have you booked your space yet?Find out more and book today:https://zurl.co/J9fMV#City&Guilds#training#course#skills#McCraeTraining",Unknown,Unknown,Unknown,Unknown,"#City, #training, #course, #skills, #McCraeTraining",@McCraeTraining,https://t.co/P44naatPlu,phrase_plus_2025,neutral
https://x.com/ableskills/status/1899369907667566832,2025-03-11 08:00:49,"If you're not currently in the industry but are looking for a career change, theCity & GuildsLevel 2 Plumbing course is an excellent starting point.https://ableskills.co.uk/plumbing-courses/level-2-plumbing-courses/…",Unknown,Unknown,Unknown,Unknown,,@ableskills,https://t.co/47IGBP8ZOX,phrase_plus_2025,positive
https://x.com/Sureena4WNE/status/1899747198067155184,2025-03-12 09:00:02,"Delivering Mission Possible: Skills in Action for Wolverhampton & Willenhall!

I am committed to ensuring that Wolverhampton and Willenhall do not miss out in skills education, creating opportunities that empower individuals and drive economic growth.City & Guilds’ Mission",Unknown,Unknown,Unknown,Unknown,,@Sureena4WNE,,phrase_plus_2025,positive
https://x.com/Agriculturaljob/status/1899762303970541846,2025-03-12 10:00:03,"City & GuildsJobs of the Week!If you would like to find out further information on these job roles and to apply, please visit our partner spotlight page on our website;https://buff.ly/RZz6lPD#agrifj#agriculturalandfarmingjobs#cityandguilds#partnership#jobsoftheweek",Unknown,Unknown,Unknown,Unknown,"#agrifj, #agriculturalandfarmingjobs, #cityandguilds, #partnership, #jobsoftheweek",@Agriculturaljob,https://t.co/r45FE5bvE0,phrase_plus_2025,neutral
https://x.com/GoldcrossHSE/status/1901514607237459971,2025-03-17 06:03:05,"We provide high-quality accredited courses and are one of the UK’s leading independent#healthandsafetytrainingcompany’s.

Our courses are accredited by recognised bodies including:#CITB,#IOSH,#NEBOSH,#NUCO(FirstAid),City & Guildshttps://goldcross-training.co.uk#healthandsafety",Unknown,Unknown,Unknown,Unknown,"#healthandsafetytraining, #CITB, #IOSH, #NEBOSH, #NUCO, #healthandsafety",@GoldcrossHSE,https://t.co/6luBXuHE1H,phrase_plus_2025,positive
https://x.com/NEANIreland/status/1899420295632454139,2025-03-11 11:21:02,One of our most popular courses for Energy Efficiency Advisers is back. This course leads to the National Energy Action/City & GuildsLevel 3 Award in Energy Awareness. Dates: 12-14 May. Exams: 21 May.https://tinyurl.com/NEANITrainingTo book please contact nichola.macdougall@nea.org.uk,Unknown,Unknown,Unknown,Unknown,,@NEANIreland,https://t.co/haAbQQvfbl,phrase_plus_2025,positive
https://x.com/Peter__Done/status/1901626579156979931,2025-03-17 13:28:01,"This week is Neurodiversity Celebration Week, implementing a Neurodiversity Policy is one way you can support neurodiverse employees.",Unknown,Unknown,Unknown,Unknown,,@Peter__Done,"https://t.co/hCUfzFcDdY, https://t.co/hCUfzFcDdY",phrase_plus_2025,positive
https://x.com/cityandguilds/status/1899777391804686418,2025-03-12 11:00:01,"The 2025#NeurodiversityIndex Report is here!In an era where inclusivity has become a cornerstone of organisational success, championing and supporting neurodiversity in the workplace is more important than ever.  

Read the full report herehttps://cityandguildsfoundation.org/what-we-offer/campaigning/neurodiversity-index/…",Unknown,Unknown,Unknown,Unknown,#Neurodiversity,@cityandguilds,"https://t.co/IeUxOOxRIR, https://cityandguildsfoundation.org/what-we-offer/campaigning/neurodiversity-index/, https://cityandguildsfoundation.org/what-we-offer/campaigning/neurodiversity-index/",phrase_plus_2025,positive
https://x.com/AramideOyekunle/status/1900101789908648447,2025-03-13 08:29:03,"Linesworker at Ibadan Electricity Distribution Company (IBEDC) Plc

Location: Ogun
Job type: Full-Time

Technical Certificate in Electrical Installations & Maintenance or its equivalents (i.e. NABTEB, LondonCity & Guilds, Diploma Certificates) or Ordinary level certificate.",Unknown,Unknown,Unknown,Unknown,,@AramideOyekunle,,phrase_plus_2025,neutral
https://x.com/GoldcrossHSE/status/1899883145316462944,2025-03-12 18:00:14,"We provide high-quality accredited courses and are one of the UK’s leading independent#healthandsafetytrainingcompany’s.
Our courses are accredited by recognised bodies including:#CITB,#IOSH,#NEBOSH,#NUCO(#FirstAid),City & Guilds.

contact us now:https://goldcross-training.co.uk",Unknown,Unknown,Unknown,Unknown,"#healthandsafetytraining, #CITB, #IOSH, #NEBOSH, #NUCO, #FirstAid",@GoldcrossHSE,https://t.co/6luBXuH6c9,phrase_plus_2025,positive
https://x.com/BCSLandDSG/status/1899036758391578957,2025-03-10 09:57:00,"Ready to explore new career paths in tech? Join our free webinar withCity & Guilds/IBM on March 25th to discover opportunities in AI, cybersecurity & more! Book your spot:https://bit.ly/3BD47hz@BCSMemberGroups#DigitalAICareer",Unknown,Unknown,Unknown,Unknown,#DigitalAICareer,"@BCSLandDSG, @BCSMemberGroups","https://t.co/0ZQEPGgigZ, https://t.co/0ZQEPGgigZ, https://t.co/0ZQEPGgigZ",phrase_plus_2025,positive
https://x.com/Logic4training/status/1900154961935106103,2025-03-13 12:00:20,"Limited-time offersMake the most of our discounted courses:

Initial Verification @ SittingbourneCity & Guilds2377 In-service Inspection & Testing of Electrical Equipment @ Basildon
New Entrant Domestic Electrical Installer - L3 QSQ Advanced Course @ Northolt

Find all",Unknown,Unknown,Unknown,Unknown,,@Logic4training,,phrase_plus_2025,neutral
https://x.com/BCSLandDSG/status/1901669103859073028,2025-03-17 16:17:00,Wondering if a tech career is right for you? Get your questions answered during our free webinar withCity & Guildson March 25th:https://bit.ly/3BD47hz@BCSMemberGroups#DigitalAICareer,Unknown,Unknown,Unknown,Unknown,#DigitalAICareer,"@BCSLandDSG, @BCSMemberGroups","https://t.co/0ZQEPGgQ6x, https://t.co/0ZQEPGgQ6x, https://t.co/0ZQEPGgQ6x",phrase_plus_2025,neutral
https://x.com/UUStuWellbeing/status/1900849459460010254,2025-03-15 10:00:01,Ygam are offering FREECity & Guildsassured workshops for higher education students to raise awareness of gaming & gambling harms. On completion you will receive aCity & Guildscertificate & digital credential. Sign up via QR code: Weds 19th 1-2pm or Thurs 20th March 4-5pm.,Unknown,Unknown,Unknown,Unknown,,@UUStuWellbeing,,phrase_plus_2025,neutral
https://x.com/BuryMercury/status/1901318260492214433,2025-03-16 17:02:52,"Suffolk craftsman, 19, 'over the moon' at illustrious city award",Unknown,Unknown,Unknown,Unknown,,@BuryMercury,"https://t.co/Zyx33MjqkH, https://t.co/Zyx33MjqkH",phrase_plus_2025,positive
https://x.com/UKcourse_search/status/1900140791252590630,2025-03-13 11:04:02,"Drainage Courses

   Safety Awareness plus 2nd module (2 day)City & GuildsDrain & Sewer Jetting Course (1 day)City & GuildsPressure Washer Course (1 day)City & GuildsOnsite for groups across the UKhttps://uktrainingcoursesearch.co.uk/united-kingdom/hersham/accredited-training-providers-directory/reeves-training-solutions-ltd…",Unknown,Unknown,Unknown,Unknown,,@UKcourse_search,https://t.co/LvgloYSxr9,phrase_plus_2025,neutral
https://x.com/HYDROPECS/status/1901576573653754104,2025-03-17 10:09:19,"Did you know?7 of our training courses areCity & Guildsqualifying! This long-standing accreditation ensures top-quality, globally recognized training.
Take the next step in your career:https://hydrop.com/training/#Training#CityAndGuilds#SkillsDevelopment#HydropTraining",Unknown,Unknown,Unknown,Unknown,"#Training, #CityAndGuilds, #SkillsDevelopment, #HydropTraining",@HYDROPECS,https://t.co/p5uZz96r8V,phrase_plus_2025,positive
https://x.com/EADT24/status/1901318234609160681,2025-03-16 17:02:46,"Suffolk craftsman, 19, 'over the moon' at illustrious city award",Unknown,Unknown,Unknown,Unknown,,@EADT24,"https://t.co/HjmrIPw8iX, https://t.co/HjmrIPw8iX",phrase_plus_2025,positive
https://x.com/cityandguilds/status/1899758593324294368,2025-03-12 09:45:19,Thank you so much for attending and supporting our mission to drive growth through skills! We're proud to be a voice for skills#SkillsChangeLives,Unknown,Unknown,Unknown,Unknown,#SkillsChangeLives,"@cityandguilds, @Sureena4WNE",,phrase_plus_2025,positive
https://x.com/StowMercury/status/1901317648732037381,2025-03-16 17:00:26,"Suffolk craftsman, 19, 'over the moon' at illustrious city award",Unknown,Unknown,Unknown,Unknown,,@StowMercury,"https://t.co/vePJjJOvUw, https://t.co/vePJjJOvUw",phrase_plus_2025,positive
https://x.com/andrew782255/status/1900834447328436359,2025-03-15 09:00:22,I was dismissed with prejudice by STCG for retweets from X. It was a personal account from 2007. Yet STCG self claimCity & Guildscertificates for apprentices who have not completed their courses,Unknown,Unknown,Unknown,Unknown,,"@andrew782255, @TrudiDa56809600",,phrase_plus_2025,negative
https://x.com/GreekTheNic/status/1899745748712931616,2025-03-12 08:54:16,"Same!! I'm doing aCity & GuildsHorticulture course to try and change careers.

I volunteer at a community greenhouse, and I've been given a whole greenhouse to grow tomatoes and other stuff in, for the cafe on site. 

I've told em I'll go to Aldi if I mess it up...",Unknown,Unknown,Unknown,Unknown,,"@GreekTheNic, @davebGreen96989, @Howl_Sarah",,phrase_plus_2025,neutral
https://x.com/davemtraining/status/1900556180100943971,2025-03-14 14:34:38,"REMAINING MARCH COURSES17th: Streetworks Signing, Lighting & Guarding17th: SHEA Water24th: Streetworks Signing, Lighting & Guarding25th: Streetworks CAT & GennyAccredited by:City & Guilds/ EUSR",Unknown,Unknown,Unknown,Unknown,,@davemtraining,,phrase_plus_2025,neutral
https://x.com/felixm88/status/1901236543936712942,2025-03-16 11:38:09,He’s weak and lack political acumen. He’s extremely immature both politically and otherwise,Unknown,Unknown,Unknown,Unknown,,"@felixm88, @LynneStactia",,phrase_plus_2025,negative
https://x.com/felixm88/status/1900457270242119970,2025-03-14 08:01:36,What’s the “strategic development plan” they have managed to implement???,Unknown,Unknown,Unknown,Unknown,,"@felixm88, @nickmangwana",,phrase_plus_2025,negative
https://x.com/felixm88/status/1901157238460301584,2025-03-16 06:23:02,"If the audio is for real, genuine then Chris education is useless. He claims to be educated but extremely poor in wisdom , he doesn’t know what to say and when to say it.",Unknown,Unknown,Unknown,Unknown,,"@felixm88, @advocatemahere, @marapira_farai",,phrase_plus_2025,negative
https://x.com/felixm88/status/1900458147828867259,2025-03-14 08:05:05,Are you still going on with your 2030 thing iyo yakarambwa???,Unknown,Unknown,Unknown,Unknown,,"@felixm88, @JonesMusara",,phrase_plus_2025,neutral
https://x.com/felixm88/status/1901297541674614835,2025-03-16 15:40:32,,Unknown,Unknown,Unknown,Unknown,,"@felixm88, @capsunitedfczw",,phrase_plus_2025,unknown
https://x.com/Huronimo_Rebel/status/1900216515988705693,2025-03-13 16:04:56,"Snout in trough,
 ought to be a recognisedCity&Guildsqualification",Unknown,Unknown,Unknown,Unknown,,"@Huronimo_Rebel, @alexharmstrong, @LMNolan2",,phrase_plus_2025,neutral
https://x.com/felixm88/status/1901296921903337670,2025-03-16 15:38:05,What’s your level of education?,Unknown,Unknown,Unknown,Unknown,,"@felixm88, @makhumalo8005, @advocatemahere, @nickmangwana",,phrase_plus_2025,neutral
https://x.com/joshcamas/status/1901774942653555149,2025-03-17 23:17:34,"1.0 is planned on having extended regions, a newcity, guilds, and expanded faction stories",Unknown,Unknown,Unknown,Unknown,,"@joshcamas, @DigBangers",,phrase_plus_2025,neutral
https://x.com/felixm88/status/1900607915049865615,2025-03-14 18:00:13,We were happy to see you my Sister,Unknown,Unknown,Unknown,Unknown,,"@felixm88, @namataik_",,phrase_plus_2025,positive
https://x.com/felixm88/status/1900428411111174622,2025-03-14 06:06:56,But its possible for SA to have good relationship with USA even when EU and China do not have,Unknown,Unknown,Unknown,Unknown,,"@felixm88, @Sophie_Mokoena",,phrase_plus_2025,neutral
https://x.com/cityandguilds/status/1902737005857120395,2025-03-20 15:00:27,"FromCity & Guildsqualification to celebrity fashion designer!@KarenMillen_OBEdemonstrates that skills can be developed anywhere. 

Share how skills have impacted your own career using#MySkillsStoryWatch the full interviews herehttps://cityandguilds.com/about-us/inspire…",Unknown,Unknown,Unknown,Unknown,#MySkillsStory,"@cityandguilds, @KarenMillen_OBE",https://t.co/65daI3atGQ,phrase_plus_2025,neutral
https://x.com/MidlandsPgl/status/1902344446651322813,2025-03-19 13:00:34,"Confined Space Training: Medium Risk –City & GuildsCertifiedSpaces filling fast—secure your place!

2-dayCity & Guilds6160-09. £465 + VAT. Boldmere.Book Now:https://buff.ly/at6VEeLsales@pglmidlands.com |0121 240 0375#ConfinedSpaces#CityAndGuilds",Unknown,Unknown,Unknown,Unknown,"#ConfinedSpaces, #CityAndGuilds",@MidlandsPgl,https://t.co/WixIMp7ySe,phrase_plus_2025,neutral
https://x.com/ableskills/status/1904050655267840065,2025-03-24 06:00:26,"Whether you want to take your first steps towards a new career or just want to learn valuable skills for some DIY, an introductory construction course is a great way to start to get to grips with a trade.https://ow.ly/ofyn50VmnjY",Unknown,Unknown,Unknown,Unknown,,@ableskills,https://t.co/2JpZyt3EPr,phrase_plus_2025,positive
https://x.com/Agriculturaljob/status/1903054015081885896,2025-03-21 12:00:08,Agricultural and Farming Jobs are proud to be partnering withCity & Guilds.Please take a look at their current Land Based job vacancies on our website -https://buff.ly/FBDFIoP#agrifj#agriculturalandfarmingjobs#cityandguilds#cityandguilds#partnership#landbasedjobs,Unknown,Unknown,Unknown,Unknown,"#agrifj, #agriculturalandfarmingjobs, #cityandguilds, #cityandguilds, #partnership, #landbasedjobs",@Agriculturaljob,https://t.co/WZRJMJBWaX,phrase_plus_2025,positive
https://x.com/GTIGALWAY/status/1902452399303700596,2025-03-19 20:09:32,"Today, the GTI Year 2 Hairdressing students completed theirCity & Guildsassessments in Colour, Barbering, and Styling. They have developed a range of key skills that will support them in careers within the hair industry on graduating from GTI. Great job, everyone!#WeAreGRETB",Unknown,Unknown,Unknown,Unknown,#WeAreGRETB,@GTIGALWAY,,phrase_plus_2025,positive
https://x.com/Agriculturaljob/status/1902329242433577330,2025-03-19 12:00:09,"City & GuildsJobs of the Week!If you would like to find out further information on these job roles and to apply, please visit our partner spotlight page on our website;https://buff.ly/3xqh0ss#agrifj#cityandguilds#partnership#jobsoftheweek#landbasedopportunities",Unknown,Unknown,Unknown,Unknown,"#agrifj, #cityandguilds, #partnership, #jobsoftheweek, #landbasedopportunities",@Agriculturaljob,https://t.co/HKyPC8McIH,phrase_plus_2025,neutral
https://x.com/ableskills/status/1903114503128031447,2025-03-21 16:00:30,"For over 100 yearsCity & Guildshas upheld high standards and regulations in training, ensuring robust administrative procedures, high-quality teaching and standardised assessment. 

Always check out the training provider’s accreditations.",Unknown,Unknown,Unknown,Unknown,,@ableskills,"https://t.co/UtHnhGPGlA, https://t.co/UtHnhGPGlA",phrase_plus_2025,positive
https://x.com/SVT_training/status/1903043203139301742,2025-03-21 11:17:11,"Congratulations to Shaun Vaux for completing hisCity & GuildsLevel 5 Diploma in Occupational Health and Safety Practice with SVT! Well done, ShaunCall the SVT team for details on +44(0)800 121 4275#svtltd#healthandsafety#safety#online#education#learning#career",Unknown,Unknown,Unknown,Unknown,"#svtltd, #healthandsafety, #safety, #online, #education, #learning, #career",@SVT_training,,phrase_plus_2025,positive
https://x.com/SkillsAcademyUK/status/1903023792043201009,2025-03-21 10:00:03,"Whether you're a beginner or an experienced welder looking to get certified, we've got the training you need.TWI &City & GuildsAccreditedBeginner to Advanced CoursesWelder Qualification Testing

Start your welding journey today!",Unknown,Unknown,Unknown,Unknown,,@SkillsAcademyUK,,phrase_plus_2025,positive
https://x.com/psaeducation/status/1903126093516726315,2025-03-21 16:46:33,Professional Diploma in Adult Social Care (UK) equips you with the skills to work in a broad range of health and social care settings – with a clear path to employment!City & GuildsAccredited Diploma9-Month Fast-Track CourseReal-World Work Placement to build,Unknown,Unknown,Unknown,Unknown,,@psaeducation,,phrase_plus_2025,positive
https://x.com/IepInfo/status/1902634006744600751,2025-03-20 08:11:11,"With theCity & Guildsas our new headline sponsor, the#IEPSummit 2025 really is the must go to event for employability professionals like Emma Cook FIEPhttps://members.myiep.uk/events/6777d0a9d02d810008204b9c/description…@IEPInfo@cityandguilds#IEPSummit2025#JourneyToTheSummit#TheIndustryEvent#IEPEvents",Unknown,Unknown,Unknown,Unknown,"#IEP, #IEPSummit2025, #JourneyToTheSummit, #TheIndustryEvent, #IEPEvents","@IepInfo, @IEPInfo, @cityandguilds",https://t.co/SuKPkCKaVf,phrase_plus_2025,positive
https://x.com/1NTS/status/1901876313868181783,2025-03-18 06:00:23,"At the end of our 2 daysCity & Guildsaccredited#RiskAssessmentTraintheTrainercourse, you will be able to train other people who have little or no knowledge or experience in health and safety in basic risk assessment techniques.https://ntstraining.co.uk/trainer-courses/risk-assessment-train-the-trainer/…#CityandGuildsApproved",Unknown,Unknown,Unknown,Unknown,"#RiskAssessmentTraintheTrainer, #CityandGuildsApproved","NTS@Health&Safety, @1NTS",https://t.co/CLvv8XT3Ca,phrase_plus_2025,neutral
https://x.com/gerryd84/status/1902347423004996073,2025-03-19 13:12:24,"St James, Park, 31st July, 1963. The stadium was urgently in need of development but progress was mired in disputes between the club and the council. You can spot the@theberrypubbehind the Gallowgate terraces. Photo courtesy of Tyne & Wear Archives & Museums.

NCLcity guilds",Unknown,Unknown,Unknown,Unknown,,"@gerryd84, @theberrypub",,phrase_plus_2025,neutral
https://x.com/SVT_training/status/1902307109695308122,2025-03-19 10:32:12,"Congratulations to Kevin Lewzey for his impressive achievement in completing theCity & GuildsLevel 6 Diploma in Occupational Health and Safety Practice with SVT! Keep up the fantastic work, Kevin!Call the SVT team for info on +44(0)800 121 4275#svtltd#safety#education",Unknown,Unknown,Unknown,Unknown,"#svtltd, #safety, #education",@SVT_training,,phrase_plus_2025,positive
https://x.com/Guidance_TN/status/1903344975854833969,2025-03-22 07:16:19,"Guidance team welcomed the UK Skills Mission last week, a delegation led by the UK's Department for Business and Trade, as part of the UK-India Skills & Chartered Showcase consisting ofCity & Guilds, VTCT Skills, NOCN UK, Institute of Marine Engineering Science and Technology,",Unknown,Unknown,Unknown,Unknown,,@Guidance_TN,,phrase_plus_2025,positive
https://x.com/BPXelectro/status/1903006104562356269,2025-03-21 08:49:46,"In response to the unprecedented demand from our customers for Pilz'sCity & GuildsAssured 4-day machinery safety training course, we're delighted to announce 6 new dates and venues across the UK this year!

Click here to find out more and book >>https://goto.bpx.co.uk/hfES2CL",Unknown,Unknown,Unknown,Unknown,,@BPXelectro,https://t.co/KytvPm1dyl,phrase_plus_2025,positive
https://x.com/TrustTeachLtd/status/1902677838450380852,2025-03-20 11:05:21,Enhance your career with theCity & GuildsLevel 6 Diploma in Occupational Health & Safety Practice offered by TrustTeach. This qualification is specially designed for individuals looking to showcase and advance their expertise in overseeing Health & Safety within the workplace,Unknown,Unknown,Unknown,Unknown,,@TrustTeachLtd,,phrase_plus_2025,positive
https://x.com/NEANIreland/status/1902291457178005929,2025-03-19 09:30:00,One of our most popular courses for Energy Efficiency Advisers is back. This course leads to the National Energy Action/City & GuildsLevel 3 Award in Energy Awareness. Dates: 12-14 May. Exams: 21 May.https://tinyurl.com/NEANITrainingTo book please contact nichola.macdougall@nea.org.uk.,Unknown,Unknown,Unknown,Unknown,,@NEANIreland,https://t.co/haAbQQvN0T,phrase_plus_2025,positive
https://x.com/ItsTaz1989/status/1903090579140948078,2025-03-21 14:25:26,"The most obvious is helping to train & create appropriate training programs for the next generation of professionals in the field it covers. It could do this in conjunction with theCity & Guildsof London Institute & the Institute for Apprenticeships & Technical Education …

6/",Unknown,Unknown,Unknown,Unknown,,"@ItsTaz1989, @ItsTaz1989",,phrase_plus_2025,positive
https://x.com/Max_J6109/status/1902515048490192933,2025-03-20 00:18:29,"Linesworker at Ibadan Electricity Distribution Company (IBEDC) Plc

Location: Ogun
Job type: Full-Time

Technical Certificate in Electrical Installations & Maintenance or its equivalents (i.e. NABTEB, LondonCity & Guilds, Diploma Certificates) or Ordinary level certificate.",Unknown,Unknown,Unknown,Unknown,,@Max_J6109,,phrase_plus_2025,neutral
https://x.com/BCSLandDSG/status/1903718358929084567,2025-03-23 08:00:00,"The ""Journey into Tech"" free course could be your first step toward a rewarding new career! Learn more in our webinar withCity & Guilds/IBM. Book now:https://bit.ly/3BD47hz@BCSMemberGroups#DigitalAICareer",Unknown,Unknown,Unknown,Unknown,#DigitalAICareer,"@BCSLandDSG, @BCSMemberGroups","https://t.co/0ZQEPGgQ6x, https://t.co/0ZQEPGgQ6x, https://t.co/0ZQEPGgQ6x",phrase_plus_2025,positive
https://x.com/KXenophon89641/status/1904101303829065821,2025-03-24 09:21:41,"Alison
After retiring early from my job of 25 years I went to college amongst young’uns and did acity + guildslevels 1,2,3 in bricklaying
I wanted the skill for my own use.
Not ONE of those lads got taken on by a firm- and that was in far better times.

She’s gaslighting again",Unknown,Unknown,Unknown,Unknown,,"@KXenophon89641, @AllisonPearson",,phrase_plus_2025,neutral
https://x.com/BCSLandDSG/status/1902273586888589819,2025-03-19 08:19:00,The future is digital - is your career ready? Discover free upskilling opportunities withCity & Guilds/IBM on March 25th:https://bit.ly/3BD47hz@BCSMemberGroups#DigitalAICareer,Unknown,Unknown,Unknown,Unknown,#DigitalAICareer,"@BCSLandDSG, @BCSMemberGroups","https://t.co/0ZQEPGgQ6x, https://t.co/0ZQEPGgQ6x, https://t.co/0ZQEPGgQ6x",phrase_plus_2025,positive
https://x.com/EdmundAvalon/status/1903844625900617774,2025-03-23 16:21:45,"But it takes 3 years!!
REALITY: ""NVQ Level 2 Bricklaying Course
This 8 week course will provide as much knowledge of Bricklaying as is possible. Anyone completing the course will be entirely ready for building site employment, supported with aCity & Guildsqualification.""",Unknown,Unknown,Unknown,Unknown,,"@EdmundAvalon, @IronEconomist",,phrase_plus_2025,neutral
https://x.com/BCSLandDSG/status/1904202045223051656,2025-03-24 16:02:00,Want to future-proof your career? Join us tomorrow March 25th at 7pm to learn about free courses in high-demand tech fields fromCity & Guilds/IBM. Register athttps://bit.ly/3BD47hz@BCSMemberGroups#DigitalAICareer,Unknown,Unknown,Unknown,Unknown,#DigitalAICareer,"@BCSLandDSG, @BCSMemberGroups","https://t.co/0ZQEPGgigZ, https://t.co/0ZQEPGgigZ, https://t.co/0ZQEPGgigZ",phrase_plus_2025,positive
https://x.com/sremosnivek/status/1903358986373468659,2025-03-22 08:11:59,"I did it myself, I watched the engineer do it the first time. I’m pretty good with this stuff - I am acity & guildsqualified  plumber, mechanical engineering level.  The elements keep fusing themselves.",Unknown,Unknown,Unknown,Unknown,,"@sremosnivek, @Fragge5, @caulmick",,phrase_plus_2025,positive
https://x.com/JMV999/status/1903206235249254699,2025-03-21 22:05:01,..is this then the only course she has ever completed?The only qualification she has?City & GuildsLevel 1 - Sign Language?,Unknown,Unknown,Unknown,Unknown,,"@JMV999, @owenjonesjourno",,phrase_plus_2025,neutral
https://x.com/GaryChadwicks/status/1903745443084800025,2025-03-23 09:47:38,When I did mycity & guildscert it was drummed into us about the animal welfare and humane killing! That was 40 plus years ago,Unknown,Unknown,Unknown,Unknown,,"@GaryChadwicks, @TheBeanEyesOpen",,phrase_plus_2025,negative
https://x.com/ramella_jay/status/1904127467566039066,2025-03-24 11:05:39,"Note she doesn't mention whether they'll beCity & Guildsor Time Served - that might take a bit of research or application. Meanwhile, how's her plan coming on to train thousands of 'grease-monkeys and navvies', after she's finished with  the 'saw-bones and briefs', of course!",Unknown,Unknown,Unknown,Unknown,,"@ramella_jay, @EJWoolf",,phrase_plus_2025,neutral
https://x.com/Alicetweets/status/1904033486798791093,2025-03-24 04:52:13,bilingual typing course at a local language school. I think the shorthand typing course wasCity& Guildswhile not sure if the other bilingual course was Institut Français but I think I got Merit for the first (lost a lot of time through physical illness which also affected my,Unknown,Unknown,Unknown,Unknown,,"@Alicetweets, @Alicetweets, @saintetienne100",,phrase_plus_2025,neutral
https://x.com/RuthRendell1/status/1903449858431676597,2025-03-22 14:13:05,"If I did all that in a morning, I'd have to forego sleeping. He must have aCity & Guildsin Fannying About",Unknown,Unknown,Unknown,Unknown,,"@RuthRendell1, @Star_North1",,phrase_plus_2025,neutral
https://x.com/felixm88/status/1902366073942372657,2025-03-19 14:26:30,Very soon you will realize that you are an extreme political toddler. Chinamasa warned you but still you can’t pick the signal.,Unknown,Unknown,Unknown,Unknown,,"@felixm88, @JonesMusara",,phrase_plus_2025,negative
https://x.com/SamSamwhite/status/1903771149328171168,2025-03-23 11:29:47,"My Dad started his 4 yearCity & Guildsapprenticeship at 14 yrs old.  This was bricklaying, plastering, tiling, groundwork’s etc 
He worked consistently until 73 yrs. 
Apprenticeships now are watered down to approx 1 yr & totally inadequate.",Unknown,Unknown,Unknown,Unknown,,"@SamSamwhite, @RachelReevesMP",,phrase_plus_2025,neutral
https://x.com/felixm88/status/1902374675813965917,2025-03-19 15:00:41,,Unknown,Unknown,Unknown,Unknown,,"@felixm88, @mawarirej",,phrase_plus_2025,unknown
https://x.com/EdmundAvalon/status/1903798751191245094,2025-03-23 13:19:27,"Even when I served an apprenticeship in the 80s  4 year apprenticeships were looooong gone. 3 week BasicCity & Guildsbrick laying courses available right now, Advanced course 6 weeks.",Unknown,Unknown,Unknown,Unknown,,"@EdmundAvalon, @Zak34552323, @dave43law",,phrase_plus_2025,neutral
https://x.com/felixm88/status/1902351694538608750,2025-03-19 13:29:22,Seek Exile Cde! It doesn’t look good for you,Unknown,Unknown,Unknown,Unknown,,"@felixm88, @nickmangwana, @DrMichael130675",,phrase_plus_2025,negative
https://x.com/GreenDragonpip/status/1901912012822646792,2025-03-18 08:22:14,"Permanent damage to outside of hips from menieres falls  also caused hernia. 
Didn't stop me retrained for office 4new qualifications &city & guildsmaths & English.
Serious lung infection isolating as 1st lockdown. Niw can't walk mire than 2 car lengths",Unknown,Unknown,Unknown,Unknown,,"@GreenDragonpip, @Danjsalt",,phrase_plus_2025,negative
https://x.com/BowskillB/status/1903891918431379781,2025-03-23 19:29:40,"I served aCity &Guildsapprenticeship it was 5 years, so these alleged tradesmen won't be ready to build anything until 2030,she's talking bollocks as usual.",Unknown,Unknown,Unknown,Unknown,,"@BowskillB, @dave43law",,phrase_plus_2025,negative
https://x.com/felixm88/status/1903116503827845619,2025-03-21 16:08:27,Ndozvaakakuudzai here?,Unknown,Unknown,Unknown,Unknown,,"@felixm88, @HGomba, @MacBelts",,phrase_plus_2025,neutral
https://x.com/GreenDragonpip/status/1901926243852828758,2025-03-18 09:18:47,"Shop work for 40 years with a break for children & PND was evil.
Returned to work but hereditary bone damage meant I needed to retrain.
4 btec qualifications+city & guildsupdated maths & English as 1976 exams outdated.
Couldn't get work as 2 apprenticeship  has same wage as me",Unknown,Unknown,Unknown,Unknown,,"@GreenDragonpip, @SAshworthHayes",,phrase_plus_2025,negative
https://x.com/felixm88/status/1903384456477471035,2025-03-22 09:53:12,Finish,Unknown,Unknown,Unknown,Unknown,,"@felixm88, @smartdesigns96, @controlla__zw",,phrase_plus_2025,neutral
https://x.com/felixm88/status/1902220962889695341,2025-03-19 04:49:53,President@Julius_S_Malema,Unknown,Unknown,Unknown,Unknown,,"@felixm88, @eNCA, @Julius_S_Malema",,phrase_plus_2025,neutral
https://x.com/GreenDragonpip/status/1903041282336788804,2025-03-21 11:09:33,"Maybe because  2 apprenticeship  workers = 1 over 21 worker.
Me 40 years shop until accident. Retrained for office  4 btec &city & guildsmaths & English to update from 1976 exams. All I got was temporary learning support  while I did btec & same place.",Unknown,Unknown,Unknown,Unknown,,"@GreenDragonpip, @BBCNews",,phrase_plus_2025,neutral
https://x.com/2P4E/status/1903882933787570473,2025-03-23 18:53:58,He was a multi-tradesman you fool! If you'd done any research you'd be able to find hisCity & Guilds2365 Level 2 Diploma in Electrical Installations too.,Unknown,Unknown,Unknown,Unknown,,"@2P4E, @dysautonomian, @desusnice",,phrase_plus_2025,neutral
https://x.com/The_Ouroboros__/status/1903984623312580750,2025-03-24 01:38:03,City& Guildswere never worth anything.,Unknown,Unknown,Unknown,Unknown,,"@The_Ouroboros__, @wearebetrayed, @groomyd",,phrase_plus_2025,negative
https://x.com/WCoEngineers/status/1906357138080834016,2025-03-30T14:45:34.000Z,"The Master was delighted to be Guest Speaker at the 111th Annual Dinner ofCity & GuildsCollege Association (CGCA) at Saddlers’ Hall on 14 March. 

CGCA has a 1902 James and Browne mascot car, named Boanerges or affectionately ‘Bo’ which is maintained by the engineering students",Unknown,Unknown,Unknown,Unknown,,@WCoEngineers,,phrase_plus_2025,positive
https://x.com/Adams_And_Eden/status/1905907827559805147,2025-03-29T09:00:10.000Z,"Did you see our reviews?
Adams and Eden is a local, Newmarket-based business run byCity & Guildsqualified builder.

Ready to begin?07837116994adamsandeden@outlook.com#AdamsAndEdenRestoration#Renovations",Unknown,Unknown,Unknown,Unknown,"#AdamsAndEdenRestoration, #Renovations",@Adams_And_Eden,,phrase_plus_2025,neutral
https://x.com/ke_training/status/1905232956329013667,2025-03-27T12:18:28.000Z,"""18th Edition Exam Hacks:City & Guilds2382-22 
 Free PPT with Key Strategies & 2022 Updates!Master BS 7671:2018+A2:2022 navigationAvoid 5 common pitfalls that fail studentsFocus on SPDs, AFDDs & 2022 amendmentshttps://getkeytraining.co.uk/product/18th-edition-cg-2382-22/…",Unknown,Unknown,Unknown,Unknown,,@ke_training,https://t.co/VYA5zs5wx8,phrase_plus_2025,neutral
https://x.com/briango76102062/status/1907547473842741254,2025-04-02T21:35:32.000Z,"learning new skills.  Qualifications  ·City & Guildslevel 1 English & Maths, Cooking, Gardening  · Level 1 ASDAN-GSC  School/College  · Lambeth College, London  · Lansdowne School, London  · South-Thames College  Previous Experience  · Worked as a farmer- Horticultur",Unknown,Unknown,Unknown,Unknown,,@briango76102062,,phrase_plus_2025,neutral
https://x.com/TrustTeachLtd/status/1905234939811147859,2025-03-27T12:26:21.000Z,"We take pride in offering theCity & GuildsLevel 5 Diploma in Leadership and Management for Adult Care to individuals in the Adult Care field. This comprehensive program is tailored for Registered Managers, Managers, Assistant Managers, and Deputy Managers#trustteach",Unknown,Unknown,Unknown,Unknown,#trustteach,@TrustTeachLtd,,phrase_plus_2025,positive
https://x.com/FENews/status/1907374088622092341,2025-04-02T10:06:34.000Z,"Future skills Ep2 – AI and Digital: Welcome to Ep2 of Future skills, a brand new live stream season brought to you byCity & Guildsand FE News. Episode 2 is… 

Future skills Ep2 – AI and Digital…http://dlvr.it/TJvSfn#EducationNewsFENews#EdTechNewsonEducationTechnology",Unknown,Unknown,Unknown,Unknown,"#EducationNewsFENews, #EdTechNewsonEducationTechnology",@FENews,https://t.co/eDSgukKc8E,phrase_plus_2025,neutral
https://x.com/ableskills/status/1908444632939184190,2025-04-05T09:00:32.000Z,"On the Able Skills Introduction to Painting & Decorating, you’ll learn about preparation, repairs, painting and wallpapering.

You’ll pick up plenty of ‘painter’s tips’ along the way; you’ll have the confidence to tackle decorating jobs around the home.https://ableskills.co.uk/decorating-courses/city-guilds-introduction-to-decorating/…",Unknown,Unknown,Unknown,Unknown,,@ableskills,https://t.co/9t9VaTo3OV,phrase_plus_2025,positive
https://x.com/ableskills/status/1906587383513874449,2025-03-31T06:00:29.000Z,"Introduction to Plumbing is open to anyone.

During the course, you’ll learn about systems, soldering, pipework, valves and cisterns.

So you’ll know how to repair a dripping tap, fix a toilet flush, change a bathroom basin or bath, remove a radiator.https://ow.ly/Lv2k50VpSjW",Unknown,Unknown,Unknown,Unknown,,@ableskills,https://t.co/Ck1KnfKWbZ,phrase_plus_2025,neutral
https://x.com/hartlepoolfe/status/1907357585566486973,2025-04-02T09:01:00.000Z,"Congratulations to Matthew Hadnum, a Level 3 Mechatronics Maintenance Technician apprentice who won theCity & GuildsLivery Company Prize 2025!

Supported by the College and@GestampTallent, Matthew was recognised at Mansion House, London.

Read Morehttp://bit.ly/hcfenews79",Unknown,Unknown,Unknown,Unknown,,"@hartlepoolfe, @GestampTallent",https://t.co/NdiXUNZZWz,phrase_plus_2025,positive
https://x.com/Agriculturaljob/status/1905590900803203345,2025-03-28T12:00:49.000Z,"Agricultural and Farming Jobs are proud to be partnering withCity & Guilds.City & Guildsare a leading organisation in qualifications, education, and training within the land-based services sector.#agrifj#cityandguilds#cityandguilds#partnership#landbasedjobs",Unknown,Unknown,Unknown,Unknown,"#agrifj, #cityandguilds, #cityandguilds, #partnership, #landbasedjobs",@Agriculturaljob,,phrase_plus_2025,positive
https://x.com/ableskills/status/1905923059250348147,2025-03-29T10:00:42.000Z,"Learn how to fit a kitchen on ourCity & Guildsaccredited course.

This short intensive course is ideal for those of you who want some introductory kitchen fitting skills with a City and Guilds certificate at the endhttps://ow.ly/9g5650VpQJE",Unknown,Unknown,Unknown,Unknown,,@ableskills,https://t.co/OuQqgYsPbH,phrase_plus_2025,positive
https://x.com/Agriculturaljob/status/1908116715390509558,2025-04-04T11:17:30.000Z,Agricultural and Farming Jobs are proud to be partnering withCity & Guilds.Please take a look at their current Land Based job vacancies on our website -https://buff.ly/mDqMFfO#agrifj#agriculturalandfarmingjobs#cityandguilds#cityandguilds#partnership#landbasedjobs,Unknown,Unknown,Unknown,Unknown,"#agrifj, #agriculturalandfarmingjobs, #cityandguilds, #cityandguilds, #partnership, #landbasedjobs",@Agriculturaljob,https://t.co/yyiXbU03oo,phrase_plus_2025,positive
https://x.com/ke_training/status/1908025232650019174,2025-04-04T05:13:59.000Z,"City & Guilds2365-02 – Level 2 Diploma in Electrical Installation | KE Training London
Ready to kickstart your career as a qualified electrician?DM us or WhatsApp +44 7414 168293Book now:http://getkeytraining.co.uk",Unknown,Unknown,Unknown,Unknown,,@ke_training,https://t.co/Z8voA44tnu,phrase_plus_2025,neutral
https://x.com/Agriculturaljob/status/1907447939611394196,2025-04-02T15:00:02.000Z,"City & GuildsJobs of the Week!If you would like to find out further information on these job roles and to apply, please visit our partner spotlight page on our website;https://buff.ly/goR3d61#agrifj#cityandguilds#partnership#jobsoftheweek#jobopportunities#applynow",Unknown,Unknown,Unknown,Unknown,"#agrifj, #cityandguilds, #partnership, #jobsoftheweek, #jobopportunities, #applynow",@Agriculturaljob,https://t.co/9hjC29ybbb,phrase_plus_2025,neutral
https://x.com/ableskills/status/1906962284078858334,2025-04-01T06:50:12.000Z,"The Introduction to Tiling course covers how to do floor and wall tiling, including tiling around windows and reveals, socketed areas and splash-backs.

Visit the website or call us on 01322 280 202 to find out what you can learn with Able Skills.https://ableskills.co.uk/tiling-courses/city-guilds-4555-introduction-to-tiling/…",Unknown,Unknown,Unknown,Unknown,,@ableskills,https://t.co/OoGtR8JztH,phrase_plus_2025,neutral
https://x.com/pdnews1/status/1908454421257736460,2025-04-05T09:39:26.000Z,"Win 1 of 3 courses from PaintTech Training Academy 

PaintTech Training Academy is offering a chance to win a spot on one of three popular courses, including theCity & Guildsaccredited Intensive Airless Spraying course.

Find out more here:",Unknown,Unknown,Unknown,Unknown,,@pdnews1,"https://t.co/Jruc8mkrvB, https://t.co/Jruc8mkrvB",phrase_plus_2025,positive
https://x.com/NEANIreland/status/1906650036152197269,2025-03-31T10:09:27.000Z,Only two places left on our course for Energy Efficiency Advisers! This course leads to the National Energy Action/City & GuildsLevel 3 Award in Energy Awareness. Dates: 12-14 May. Exams: 21 May.https://tinyurl.com/NEANITrainingTo book please contact nichola.macdougall@nea.org.uk,Unknown,Unknown,Unknown,Unknown,,@NEANIreland,https://t.co/haAbQQvfbl,phrase_plus_2025,neutral
https://x.com/Wiblicks/status/1905619906059469221,2025-03-28T13:56:04.000Z,"Hello World. I Pink speaking as a LondonCity Guildsregistered Construction Engineer. The below vid is what occurs when ""Earthquake Zone"" is ignored and stupid buildings are permitted to be built. Because politicians are so fudging easily bought.",Unknown,Unknown,Unknown,Unknown,,@Wiblicks,,phrase_plus_2025,negative
https://x.com/LetznotBFriends/status/1907534688954052714,2025-04-02T20:44:44.000Z,"Umm  I’m more disturbed that the Good Times Society Piggy Palace was federally registered w/City &Guildsreason for the publication ban & why so much of this case was shat on since inception
Hells angels /RCMP /Privy Council /Starnet/ Guistra Clinton etchttps://gangstersout.blogspot.com/2012/02/dave-picktons-revolting-cover-up.html?m=1…",Unknown,Unknown,Unknown,Unknown,,"@LetznotBFriends, @LetznotBFriends",https://t.co/c5S39nzt8L,phrase_plus_2025,negative
https://x.com/felixm88/status/1908421023604625411,2025-04-05T07:26:43.000Z,"Good morning Sec, Fix the Politics and all other things shall be add unto you.",Unknown,Unknown,Unknown,Unknown,,"@felixm88, @nickmangwana",,phrase_plus_2025,positive
https://x.com/piffle_sifter/status/1907434009044431161,2025-04-02T14:04:40.000Z,"I've always thought that it would be a great idea for the education system to partner with people likeCity & Guilds, so that learning useful, real-world skills can be opted for going into your fourth year of secondary school, as an alternative to standardised subjects. It",Unknown,Unknown,Unknown,Unknown,,@piffle_sifter,,phrase_plus_2025,positive
https://x.com/GoldcrossHSE/status/1907281858351567095,2025-04-02T04:00:05.000Z,"Courses are accredited by recognised bodies including:#CITB,#IOSH,#NEBOSH,#NUCO(#FirstAid),City & Guilds.
Helping you gain the qualification you require, building upon your experience and driving forward your career.https://goldcross-training.co.uk#healthandsafety#construction",Unknown,Unknown,Unknown,Unknown,"#CITB, #IOSH, #NEBOSH, #NUCO, #FirstAid, #healthandsafety, #construction",@GoldcrossHSE,https://t.co/6luBXuH6c9,phrase_plus_2025,positive
https://x.com/felixm88/status/1906925180783411529,2025-04-01T04:22:46.000Z,What’s your level of education Cde?Your level of understanding is weak .,Unknown,Unknown,Unknown,Unknown,,"@felixm88, @DrLimukaniMathe",,phrase_plus_2025,negative
https://x.com/GreenDragonpip/status/1907469638231011385,2025-04-02T16:26:15.000Z,"before covid as over 50 being told i need to redo maths & english withcity & guilds.
had world of english & maths changed since 70s that much?
i got 3 interviews i was the only oldie shortlisted  so i then know I'm not getting it.
1 there was 8 going for apprenticeships  no job",Unknown,Unknown,Unknown,Unknown,,"@GreenDragonpip, @_iamcharlotte_x",,phrase_plus_2025,negative
https://x.com/felixm88/status/1906706968342851809,2025-03-31T13:55:40.000Z,But you couldn’t sleep at your house last night Cde,Unknown,Unknown,Unknown,Unknown,,"@felixm88, @nickmangwana",,phrase_plus_2025,neutral
https://x.com/felixm88/status/1907847427291492581,2025-04-03T17:27:27.000Z,Who sent you to say “maswera sei”Taswera zvakanaka Doc,Unknown,Unknown,Unknown,Unknown,,"@felixm88, @drjaytee87",,phrase_plus_2025,neutral
https://x.com/felixm88/status/1908018654777647541,2025-04-04T04:47:51.000Z,How do you know when you are not in government??,Unknown,Unknown,Unknown,Unknown,,"@felixm88, @KMutisi, @UebertAngel",,phrase_plus_2025,neutral
https://x.com/felixm88/status/1907656427184722388,2025-04-03T04:48:29.000Z,Are you not opposition iwewe? Why can’t just lead,Unknown,Unknown,Unknown,Unknown,,"@felixm88, @bla_bidza",,phrase_plus_2025,negative
https://x.com/felixm88/status/1906708329717530698,2025-03-31T14:01:05.000Z,The fact that you remained silent for the last two weeks in fear of Geza is enough evidence that you fear him and the masses. Some say you have not been sleeping at home in fear of being picked up,Unknown,Unknown,Unknown,Unknown,,"@felixm88, @dhonzamusoro007",,phrase_plus_2025,negative
https://x.com/felixm88/status/1906972668223508543,2025-04-01T07:31:28.000Z,Why did Chanamasa fired you Cde? Is it that your propaganda narratives are weak or what? Genuine question,Unknown,Unknown,Unknown,Unknown,,"@felixm88, @JonesMusara",,phrase_plus_2025,negative
https://x.com/GaryChadwicks/status/1907385617333256656,2025-04-02T10:52:23.000Z,I agree when I did mycity & guilds40 years ago in butchery the humane killing was a major part of what we learned and it was drilled into us@RupertLowe10,Unknown,Unknown,Unknown,Unknown,,"@GaryChadwicks, @RupertLowe10, @RupertLowe10",,phrase_plus_2025,neutral
https://x.com/GreenDragonpip/status/1907873881722953969,2025-04-03T19:12:34.000Z,"seeing  covid was suspected airborne spread it reduces cross contamination 
may of 2018  going to college forcity & guildsmaths & english. busy bus with coughs sneezes etc contaminated hard surfaces ended up with bronchitis  lasting 6 months over hayfever damaged 1\4 of lungs",Unknown,Unknown,Unknown,Unknown,,"@GreenDragonpip, @stella_immanuel",,phrase_plus_2025,negative
https://x.com/felixm88/status/1906971908853104917,2025-04-01T07:28:27.000Z,Muchaita zvenyu kkkkk,Unknown,Unknown,Unknown,Unknown,,"@felixm88, @Joshuamhlanga6, @MacBelts",,phrase_plus_2025,neutral
https://x.com/felixm88/status/1907351347764036076,2025-04-02T08:36:12.000Z,You lack vital or basic political knowledge. Why did he stopped supporting Chamisa?,Unknown,Unknown,Unknown,Unknown,,"@felixm88, @danai_m01, @Pachisolife",,phrase_plus_2025,negative
https://x.com/felixm88/status/1907375224221294804,2025-04-02T10:11:05.000Z,Give us full information Sisi,Unknown,Unknown,Unknown,Unknown,,"@felixm88, @Sophie_Mokoena",,phrase_plus_2025,neutral
https://x.com/KennethCockerel/status/1906969898351284362,2025-04-01T07:20:28.000Z,"The way the country has been run for the last 20 year's I doubt any of them have aCity & Guilds.
Perhaps some streetwise knowledge would help & actually bring aware of what is happening at that level.
They get in & get switched around jobs anyway (Health, Defence, Education).",Unknown,Unknown,Unknown,Unknown,,"@KennethCockerel, @craftysan34, @NotFarLeftAtAll",,phrase_plus_2025,negative
https://x.com/felixm88/status/1907375603088539660,2025-04-02T10:12:35.000Z,This is deep,Unknown,Unknown,Unknown,Unknown,,"@felixm88, @Tabby29636630, @VaNyakudya",,phrase_plus_2025,neutral
https://x.com/felixm88/status/1905110543960059983,2025-03-27T04:12:03.000Z,Inga iwe you’re using ghost account wani?,Unknown,Unknown,Unknown,Unknown,,"@felixm88, @SokoCindy",,phrase_plus_2025,neutral
https://x.com/grok/status/1905741509884063983,2025-03-28T21:59:17.000Z,"NVQ Level 5 in Leadership for Health and Social Care costs £900-£1,500, varying by provider and payment plan. Register via TutorCare (http://tutorcare.co.uk), Coral & Reed (http://coralandreed.com), orCity & Guildscenters. Many offer online learning and flexible installments.",Unknown,Unknown,Unknown,Unknown,,"@grok, @88natzy","https://t.co/p25p9MQHxw, https://t.co/7TqNfFulDs",phrase_plus_2025,neutral
https://x.com/ArcheryTwat/status/1905657104184082482,2025-03-28T16:23:53.000Z,"Amazingly, I recieved mycity & guildscertificate today, from my exam on Tues!!

So I guess I passed.

A 97.5% pass that is!

Av it.!!
That's number 5 in my bag, next qualification starts in May, then perhaps go higher, I dunno, the sky is mine, and I'm the pilot!",Unknown,Unknown,Unknown,Unknown,,@ArcheryTwat,,phrase_plus_2025,positive
https://x.com/lp9592/status/1906035574319837689,2025-03-29T17:27:48.000Z,"Very few remain, with those in this broader area being solelyCity & Guildstype for vocational courses in construction ONLY!",Unknown,Unknown,Unknown,Unknown,,"@lp9592, @Carolinejanesvs, @sueveneer",,phrase_plus_2025,neutral
https://x.com/felixm88/status/1905651683431964889,2025-03-28T16:02:21.000Z,,Unknown,Unknown,Unknown,Unknown,,"@felixm88, @LynneStactia",,phrase_plus_2025,unknown
https://x.com/cosby_laura/status/1905891721147224130,2025-03-29T07:56:10.000Z,"“Construction workers” have they got the papers to show that they’ve passed aCity & Guildsor whatever the new exams entail these days to prove if their proper brickie’s, I doubt it they throw their documentation away at sea.",Unknown,Unknown,Unknown,Unknown,,"@cosby_laura, @ClaireH38655873",,phrase_plus_2025,neutral
https://x.com/dapo78644580/status/1905180597053456834,2025-03-27T08:50:25.000Z,Hello please I would like to ask ..City guildsNVQ training says it’s govt funded. Does that mean public funds ? Cuz my visa restricts me from any public funds.,Unknown,Unknown,Unknown,Unknown,,"@dapo78644580, @TWEETSBYOLORI, @Stifler_Ldn",,phrase_plus_2025,neutral
https://x.com/felixm88/status/1905481771329650946,2025-03-28T04:47:11.000Z,So you don’t see anything wrong with what you are currently doing?,Unknown,Unknown,Unknown,Unknown,,"@felixm88, @JonesMusara",,phrase_plus_2025,neutral
https://x.com/felixm88/status/1905599718991835335,2025-03-28T12:35:51.000Z,Wanga uripo here Nick?,Unknown,Unknown,Unknown,Unknown,,"@felixm88, @nickmangwana",,phrase_plus_2025,neutral
https://x.com/felixm88/status/1906003214220054618,2025-03-29T15:19:12.000Z,We’re ready,Unknown,Unknown,Unknown,Unknown,,"@felixm88, @VusiThembekwayo",,phrase_plus_2025,positive
https://x.com/felixm88/status/1905110179915428212,2025-03-27T04:10:36.000Z,Do you have the list Chitova? Lol,Unknown,Unknown,Unknown,Unknown,,"@felixm88, @GutuObert",,phrase_plus_2025,neutral
https://x.com/SmartMWeek/status/1914265540882825520,2025-04-21T10:30:44.000Z,Smart Factory Expo 2025 just got even smarterWe’re proud to welcome three more inspiring exhibitors to this year’s event:Forest NationKudos SolutionsCity & Guilds#SFE25#SMW25,Unknown,Unknown,Unknown,Unknown,"#SFE25, #SMW25",@SmartMWeek,,phrase_plus_2025,positive
https://x.com/turner_trees/status/1910649456426463649,2025-04-11T11:01:43.000Z,"My 275 FutureLearn certificates include ten from Kings College London, and many top Universities, I am proud to haveCity & Guildscertificates in Construction, Care work and Digital Learning, many of these MOOC courses focus in what employers need.#KPT",Unknown,Unknown,Unknown,Unknown,#KPT,@turner_trees,,phrase_plus_2025,positive
https://x.com/Timothy_Hughes/status/1913452845375832208,2025-04-19T04:41:23.000Z,"𝐅𝐨𝐮𝐧𝐝 𝐭𝐡𝐢𝐬 𝐚𝐦𝐨𝐧𝐠 𝐦𝐲 𝐝𝐚𝐝’𝐬 𝐛𝐞𝐥𝐨𝐧𝐠𝐢𝐧𝐠𝐬

HisCity & Guilds - Radio Amateurs Club Certificate, dated 1982

For those unfamiliar, a radio amateur licence is similar to CB radio

But you have to pass a technical exam to qualify

There’s even an optional",Unknown,Unknown,Unknown,Unknown,,@Timothy_Hughes,,phrase_plus_2025,neutral
https://x.com/felixm88/status/1910568387043795403,2025-04-11T05:39:34.000Z,"Dear Prof, DICTATORSHIP is the biggest of all the national security threats you might think of!",Unknown,Unknown,Unknown,Unknown,,"@felixm88, @ProfJNMoyo",,phrase_plus_2025,negative
https://x.com/SkillsAcademyUK/status/1911705992410149319,2025-04-14T09:00:01.000Z,"Huge congratulations to Kevin and Shaun! 

After months of hard work and dedication, both have successfully completed theirCity & GuildsLevel 2 qualifications in MMA and TIG welding .

It’s been a pleasure watching your progress at The Skills Academy.",Unknown,Unknown,Unknown,Unknown,,@SkillsAcademyUK,,phrase_plus_2025,positive
https://x.com/SVT_training/status/1911746642597789736,2025-04-14T11:41:32.000Z,Let's celebrate the remarkable accomplishment of Precious Chigarira for completing herCity & GuildsLevel 5 Diploma in Leadership and Management for Residential Childcare with SVT! Well doneCall the SVT team for details on +44(0)800 121 4275#svtltd#healthcare#education,Unknown,Unknown,Unknown,Unknown,"#svtltd, #healthcare, #education",@SVT_training,,phrase_plus_2025,positive
https://x.com/SwifNick37/status/1913364688450060527,2025-04-18T22:51:04.000Z,"What utter bollox ! She wasn’t in charge for 10 mins ! Rachel
From accounts hasn’t got a clue & she hasn’t completed hercity & guildscourse yet !!bunch of clowns !",Unknown,Unknown,Unknown,Unknown,,"@SwifNick37, @UKLabour",,phrase_plus_2025,negative
https://x.com/Kagey_infohub/status/1912495787793142222,2025-04-16T13:18:22.000Z,O/MsCity & Guildsstudy materials. Wonder if he won the Lottery that week?16th Edition Regs + Birmingham Racial Attacks Monitoring Unit calling card -interesting combo. O/M + Maxi were friends from late 60s.#ManshedClearout,Unknown,Unknown,Unknown,Unknown,#ManshedClearout,@Kagey_infohub,,phrase_plus_2025,neutral
https://x.com/IRIE_FM/status/1911800862541820129,2025-04-14T15:16:59.000Z,"The Jamaica Centre for Tourism Innovation, in partnership with HEART/NSTA Trust andCity & Guildshas certified 11 young entertainers in singing, dancing and acting.Written By -Demechi Henry

Click the link in bio for more info.#IrieFM#DH#TourismInnovation",Unknown,Unknown,Unknown,Unknown,"#IrieFM, #DH, #TourismInnovation",@IRIE_FM,,phrase_plus_2025,neutral
https://x.com/ableskills/status/1914590198207271216,2025-04-22T08:00:49.000Z,"Learn about systems, soldering, pipework, valves and cisterns, so you'll be able to repair a dripping tap, fix a toilet flush, change a bathroom basin or bath, remove a radiator.

Introduction to Plumbing at Able Skills.https://ableskills.co.uk/plumbing-courses/city-guilds-plumbing-courses/…",Unknown,Unknown,Unknown,Unknown,,@ableskills,https://t.co/n9NgsJADfE,phrase_plus_2025,neutral
https://x.com/ableskills/status/1910228125784383511,2025-04-10T07:07:30.000Z,"""Completed my 2391 theory exam...""

Thank you to Jackson for leaving this five-star review on Trustpilot. 

ThisCity & GuildsLevel 3 electrical inspection and testing qualification can be a tough course. Find out more here:https://ow.ly/egaL50VxWrl",Unknown,Unknown,Unknown,Unknown,,@ableskills,https://t.co/iUS4A4EWgf,phrase_plus_2025,positive
https://x.com/LearnTradeSkill/status/1912885125173465585,2025-04-17T15:05:28.000Z,Join ourCity & Guilds2391-52 Inspection & Testing Course – the ultimate qualification for practicing electricians!#ElectricianTraining#CityAndGuilds2391#LearnTradeSkills#InspectionAndTesting#BS7671#ElectricianLife#GetQualified,Unknown,Unknown,Unknown,Unknown,"#ElectricianTraining, #CityAndGuilds2391, #LearnTradeSkills, #InspectionAndTesting, #BS7671, #ElectricianLife, #GetQualified",@LearnTradeSkill,,phrase_plus_2025,positive
https://x.com/bhamtraining/status/1912071820154450284,2025-04-15T09:13:41.000Z,"Book theCity & Guilds2382-22 18th Edition of the BS 7671:2018 Amendment 2 Course today with the following upcoming dates:
• 28-1st May
• 27-30th May
• 16-19th Jun
• 7-10th Jul
Cost: £450 +VAT
Call - 0121 616 0700 or visit our site to book or for more info#electriciancourse",Unknown,Unknown,Unknown,Unknown,#electriciancourse,@bhamtraining,,phrase_plus_2025,neutral
https://x.com/lynnie882/status/1912818674156577004,2025-04-17T10:41:25.000Z,"Congratulations to little Maya Forstater, aged 68 and a half, who passed herCity & Guildsin Handmaidenship the other day.",Unknown,Unknown,Unknown,Unknown,,@lynnie882,,phrase_plus_2025,positive
https://x.com/Agriculturaljob/status/1909924255292080582,2025-04-09T11:00:01.000Z,"City & GuildsJobs of the Week!If you would like to find out further information on these job roles and to apply, please visit our partner spotlight page on our website;https://buff.ly/XZ1jJcO#agrifj#agriculturalandfarmingjobs#cityandguilds#partnership#jobsoftheweek",Unknown,Unknown,Unknown,Unknown,"#agrifj, #agriculturalandfarmingjobs, #cityandguilds, #partnership, #jobsoftheweek",@Agriculturaljob,https://t.co/1Tr5XJMIhM,phrase_plus_2025,neutral
https://x.com/Agriculturaljob/status/1910649320530993509,2025-04-11T11:01:10.000Z,Agricultural and Farming Jobs are proud to be partnering withCity & Guilds.Please take a look at their current Land Based job vacancies on our website -https://buff.ly/bVdGiNh#agrifj#agriculturalandfarmingjobs#cityandguilds#cityandguilds#partnership#landbasedjobs,Unknown,Unknown,Unknown,Unknown,"#agrifj, #agriculturalandfarmingjobs, #cityandguilds, #cityandguilds, #partnership, #landbasedjobs",@Agriculturaljob,https://t.co/fFEFe3XfTe,phrase_plus_2025,positive
https://x.com/felixm88/status/1912428794532557073,2025-04-16T08:52:10.000Z,Independent,Unknown,Unknown,Unknown,Unknown,,@felixm88,,phrase_plus_2025,neutral
https://x.com/aircouk/status/1911847666159329740,2025-04-14T18:22:58.000Z,"As part of our commitment to investing in people, we:Opened a fullyCity & GuildsAccredited Training Centre in 2015.Support the local Women in Manufacturing and Engineering campaign.Host@HullAmcat our Head Office for free.",Unknown,Unknown,Unknown,Unknown,,"@aircouk, @HullAmc","https://t.co/95VBF2k3A9, https://t.co/95VBF2k3A9",phrase_plus_2025,positive
https://x.com/ableskills/status/1911328622574461036,2025-04-13T08:00:29.000Z,"Tiling around window surrounds, splashbacks and across floors are just some of the practical tasks that students work on during their tiling training. 

You'll learn through a practical demonstration first, then have a go yourself.https://ow.ly/gPRH50VyZxj",Unknown,Unknown,Unknown,Unknown,,@ableskills,https://t.co/zFWS5XwTDz,phrase_plus_2025,neutral
https://x.com/ableskills/status/1912763177403621524,2025-04-17T07:00:53.000Z,"""Really impressed with the amount of skills learned on this basic course.""

Thank you to Pamela for leaving this five-star review of the Introduction to Plumbing course on Trustpilot.  The review highlights just how much we pack into the five days.https://ableskills.co.uk/plumbing-courses/city-guilds-plumbing-courses/…",Unknown,Unknown,Unknown,Unknown,,@ableskills,https://t.co/n9NgsJADfE,phrase_plus_2025,positive
https://x.com/Agriculturaljob/status/1913155644569366736,2025-04-18T09:00:25.000Z,Agricultural and Farming Jobs are proud to be partnering withCity & Guilds.Please take a look at their current Land Based job vacancies on our website -https://buff.ly/g0mkM28#agrifj#agriculturalandfarmingjobs#cityandguilds#partnership#landbasedjobs,Unknown,Unknown,Unknown,Unknown,"#agrifj, #agriculturalandfarmingjobs, #cityandguilds, #partnership, #landbasedjobs",@Agriculturaljob,https://t.co/CMGmf8BMDd,phrase_plus_2025,positive
https://x.com/Caymanmarlroad_/status/1910843053956284426,2025-04-11T23:51:00.000Z,"(CMR) The University College of the Cayman Islands announced that President and CEO Dr. Robert W. Robertson has been named a Fellow of the City and Guilds London Institute, one of the most prestigious honors in global skills development and education.https://caymanmarlroad.com/2025/04/11/ucci-president-dr-robert-w-robertson-named-fellow-of-city-guilds/…",Unknown,Unknown,Unknown,Unknown,,@Caymanmarlroad_,https://t.co/kM7KRLyliX,phrase_plus_2025,positive
https://x.com/Agriculturaljob/status/1912521526697480513,2025-04-16T15:00:39.000Z,"City & GuildsJobs of the Week!If you would like to find out further information on these job roles and to apply, please visit our partner spotlight page on our website;https://buff.ly/g0mkM28#agrifj#agriculturalandfarmingjobs#cityandguilds#partnership#jobsoftheweek",Unknown,Unknown,Unknown,Unknown,"#agrifj, #agriculturalandfarmingjobs, #cityandguilds, #partnership, #jobsoftheweek",@Agriculturaljob,https://t.co/CMGmf8BMDd,phrase_plus_2025,neutral
https://x.com/EDTVoiceSkills/status/1909896618326839460,2025-04-09T09:10:12.000Z,"Are you looking to upskill in your role? Learn how to develop interactions with advice and guidance client, prepare clients through the implementation of a course of action through ourCity & Guildsapproved qualification. Find out morehttps://ow.ly/lu0l50Vwqa0#SkillsAndTraining",Unknown,Unknown,Unknown,Unknown,#SkillsAndTraining,@EDTVoiceSkills,https://t.co/5fe1dmlR6U,phrase_plus_2025,neutral
https://x.com/simonenclarke/status/1914499654391103649,2025-04-22T02:01:01.000Z,"Orville has now created a dancehall course at HEART, as well asCity & GuildsCertification. He’s trying to encourage young dancers to accredit themselves so they can benefit from what is culturally theirs#SimSoulSessions",Unknown,Unknown,Unknown,Unknown,#SimSoulSessions,"@simonenclarke, @simonenclarke",,phrase_plus_2025,neutral
https://x.com/NEANIreland/status/1909912139260719228,2025-04-09T10:11:53.000Z,Only two places left on our popular course for Energy Efficiency Advisers. The course leads to the National Energy Action/City & GuildsLevel 3 Award in Energy Awareness. Dates: 12-14 May. Exams: 21 May.https://tinyurl.com/NEANITrainingTo book please contact nichola.macdougall@nea.org.uk,Unknown,Unknown,Unknown,Unknown,,@NEANIreland,https://t.co/haAbQQvfbl,phrase_plus_2025,neutral
https://x.com/DerwentReds/status/1914018094298857977,2025-04-20T18:07:29.000Z,I did an interior design course 11 years after I finished my apprenticeship. The tutor was the same one who taught me through myCity & Guilds& Advanced Crafts. I found it very interesting & helpful now if clients ask for advice,Unknown,Unknown,Unknown,Unknown,,"@DerwentReds, @DecoratorsU",,phrase_plus_2025,positive
https://x.com/felixm88/status/1911345754087583892,2025-04-13T09:08:33.000Z,What accountability do you want from Chamisa when he is not a leader of any party or government?,Unknown,Unknown,Unknown,Unknown,,@felixm88,,phrase_plus_2025,negative
https://x.com/GoldcrossHSE/status/1913248428462657832,2025-04-18T15:09:06.000Z,"We provide high-quality accredited courses and are one of the UK’s leading independent#healthandsafetytrainingcompany’s

Our courses are accredited by recognised bodies including:#CITB,#IOSH,#NEBOSH,#NUCO(First Aid),City & Guilds.https://goldcross-training.co.uk#healthandsafety",Unknown,Unknown,Unknown,Unknown,"#healthandsafetytraining, #CITB, #IOSH, #NEBOSH, #NUCO, #healthandsafety",@GoldcrossHSE,https://t.co/6luBXuH6c9,phrase_plus_2025,positive
https://x.com/StGilesTrust/status/1912109929483194759,2025-04-15T11:45:07.000Z,"Congratulations, Junior!""it's about the young people, the families, & the frontline staff who refuse to give up""
Junior Smart on being awarded a@cityandguildsFellowship. This incredible honour recognises his outstanding work in youth justice reform.https://stgilestrust.org.uk/junior-smart-awarded-prestigious-city-guilds-foundation-fellowship/…",Unknown,Unknown,Unknown,Unknown,,"@StGilesTrust, @cityandguilds",https://t.co/jQCh0sDD3x,phrase_plus_2025,positive
https://x.com/felixm88/status/1911481577202467288,2025-04-13T18:08:16.000Z,"Hopewell is extremely disappointed that people, citizens in general, prefer President Chamisa to lead them than his favorite Biti. He wants President Chamisa to anoint one of his favorite but at the same he is saying Chamisa haana plan.",Unknown,Unknown,Unknown,Unknown,,"@felixm88, @advocatemahere",,phrase_plus_2025,negative
https://x.com/felixm88/status/1913134709992726652,2025-04-18T07:37:13.000Z,Cde Bombshell,Unknown,Unknown,Unknown,Unknown,,"@felixm88, @nickmangwana",,phrase_plus_2025,neutral
https://x.com/ReevesTraining/status/1912811707748983169,2025-04-17T10:13:44.000Z,"WJA &City & Guildsaccredited Safety Awareness & Drain and Sewer Jetting courses Dates now live for May & June
contact us today to book your places :
info@reevestrainingsolutions.com
Tell no: 0330 024 5984",Unknown,Unknown,Unknown,Unknown,,@ReevesTraining,,phrase_plus_2025,neutral
https://x.com/PaulOli42003393/status/1910405462673023316,2025-04-10T18:52:10.000Z,"I thought it was Jesus:The Joiner, the story of Christ's struggles to pass hiscity & guilds#C4News",Unknown,Unknown,Unknown,Unknown,#C4News,@PaulOli42003393,,phrase_plus_2025,neutral
https://x.com/felixm88/status/1913140714818375957,2025-04-18T08:01:05.000Z,Good morning Mr President,Unknown,Unknown,Unknown,Unknown,,"@felixm88, @nelsonchamisa",,phrase_plus_2025,positive
https://x.com/cityandguilds/status/1914671317766320354,2025-04-22T13:23:09.000Z,"Hi Sandra, thank you so much for your interest in the Local Community Skills Fund! The Fund is currently closed for EOI, but please do stay tuned on our social media or website for future updates.",Unknown,Unknown,Unknown,Unknown,,"@cityandguilds, @SandraO93113902",,phrase_plus_2025,positive
https://x.com/Royfox5705/status/1913548315901170077,2025-04-19T11:00:45.000Z,"Centre lathe turner then tyre fitter, thencity & guildsplasterer, then non ferrous metal casting, then worked my way up to management in private social care, I've been busy",Unknown,Unknown,Unknown,Unknown,,"@Royfox5705, @JacquiDeevoy1",,phrase_plus_2025,neutral
https://x.com/wolfkingvi/status/1912623007165796454,2025-04-16T21:43:54.000Z,"I went to college to get myCity & Guilds, but perhaps I should have gone to university.",Unknown,Unknown,Unknown,Unknown,,"@wolfkingvi, @Matt_Pinner",,phrase_plus_2025,neutral
https://x.com/felixm88/status/1911036752015294679,2025-04-12T12:40:41.000Z,"Dear@MacBeltsplease note you will & shall be criticized and called names by people who are doing less than you, people who are weak, corrupt and by people whose capacity to reason is extremely poor.",Unknown,Unknown,Unknown,Unknown,,"@felixm88, @MuchemwaBernard, @MacBelts, @MacBelts",,phrase_plus_2025,negative
https://x.com/felixm88/status/1910906523598938448,2025-04-12T04:03:12.000Z,Imota yekubasa ka kkkk,Unknown,Unknown,Unknown,Unknown,,"@felixm88, @RangaNaiti, @moojayazw",,phrase_plus_2025,neutral
https://x.com/felixm88/status/1911037973644165565,2025-04-12T12:45:32.000Z,Varikudedera newe Mukuru lol hanzi zodzai umwe mambo kkkkkk,Unknown,Unknown,Unknown,Unknown,,"@felixm88, @nelsonchamisa",,phrase_plus_2025,neutral
https://x.com/felixm88/status/1909976903663943712,2025-04-09T14:29:14.000Z,But you have shown extreme signs of obsession on Rebhara kkkkkk,Unknown,Unknown,Unknown,Unknown,,"@felixm88, @JayJayTeamTruth, @drjaytee87",,phrase_plus_2025,negative
https://x.com/StuEkins/status/1910389686666948981,2025-04-10T17:49:29.000Z,"I'm about to watch series 8 episode 6 of Hustle, after which I presume I'll get aCity & Guildsin human psychology and project management or something.",Unknown,Unknown,Unknown,Unknown,,"@StuEkins, @NedAndPP",,phrase_plus_2025,neutral
https://x.com/felixm88/status/1910326081397072149,2025-04-10T13:36:44.000Z,You’re a true and genuine revolutionary . You speak your mind without fear or favor,Unknown,Unknown,Unknown,Unknown,,"@felixm88, @LynneStactia",,phrase_plus_2025,positive
https://x.com/hattra2/status/1912147492130484331,2025-04-15T14:14:22.000Z,"Verbal is the generic to cover both spoken & written.
When I did myCity & Guilds""Delivering Learning"" course, we used verbal comprehension to refer to both",Unknown,Unknown,Unknown,Unknown,,"@hattra2, @darrensmale, @ratedthor, @DefiantLs",,phrase_plus_2025,neutral
https://x.com/felixm88/status/1912372634051846386,2025-04-16T05:09:00.000Z,Why can’t you lead nhai Chitova? Why wait for Chamisa??,Unknown,Unknown,Unknown,Unknown,,"@felixm88, @CNedzevamwe, @VaChivi_",,phrase_plus_2025,negative
https://x.com/felixm88/status/1913137256660877560,2025-04-18T07:47:21.000Z,You have never been relevant anyway,Unknown,Unknown,Unknown,Unknown,,"@felixm88, @BulawayoGrocery, @gift_mugano",,phrase_plus_2025,negative
https://x.com/Rothesayblue/status/1912487769013682199,2025-04-16T12:46:31.000Z,HisCity & Guildsis in Wife Beating I thought?,Unknown,Unknown,Unknown,Unknown,,"@Rothesayblue, @jpxan71",,phrase_plus_2025,neutral
https://x.com/felixm88/status/1911057233036579118,2025-04-12T14:02:04.000Z,Deep!,Unknown,Unknown,Unknown,Unknown,,"@felixm88, @nelsonchamisa, @siazyaba, @BetoJosphat",,phrase_plus_2025,positive
https://x.com/felixm88/status/1911045411353088418,2025-04-12T13:15:06.000Z,Needed for what? Don’t overrate people unnecessarily!,Unknown,Unknown,Unknown,Unknown,,"@felixm88, @ArchibaldGandah, @nelsonchamisa",,phrase_plus_2025,negative
https://x.com/felixm88/status/1914216995974791437,2025-04-21T07:17:50.000Z,"To honest, Cde Nick, you’re miles better than this guy@HonJMuswereJnr!",Unknown,Unknown,Unknown,Unknown,,"@felixm88, @nickmangwana, @HonJMuswereJnr, @HonJMuswereJnr",,phrase_plus_2025,positive
https://x.com/felixm88/status/1912335734234546485,2025-04-16T02:42:23.000Z,That one is not a journalist anymore! He chose to join politics and he is actively participating as a political player,Unknown,Unknown,Unknown,Unknown,,"@felixm88, @chigumbu_, @daddyhope, @nelsonchamisa",,phrase_plus_2025,negative
https://x.com/felixm88/status/1913140541857857715,2025-04-18T08:00:24.000Z,@nickmangwanaCome!,Unknown,Unknown,Unknown,Unknown,,"@felixm88, @LynneStactia, @nickmangwana",,phrase_plus_2025,neutral
https://x.com/felixm88/status/1911045176476172387,2025-04-12T13:14:10.000Z,Deep!,Unknown,Unknown,Unknown,Unknown,,"@felixm88, @nelsonchamisa, @Tapfuma315052, @daddyhope",,phrase_plus_2025,positive
https://x.com/Mutsa91/status/1910460326006444413,2025-04-10T22:30:11.000Z,@DzingyMdoescity&guildsnow make sense?,Unknown,Unknown,Unknown,Unknown,,"@Mutsa91, @daddyhope, @DzingyM",,phrase_plus_2025,neutral
https://x.com/felixm88/status/1913134150657122319,2025-04-18T07:35:00.000Z,Did Geza agreed to that 2030 thing?Good morning my Cde,Unknown,Unknown,Unknown,Unknown,,"@felixm88, @nickmangwana",,phrase_plus_2025,neutral
https://x.com/big_youngy/status/1913923493927739656,2025-04-20T11:51:34.000Z,He call Russell Brand an inspiration ffs got aCity & Guildsin waffle.,Unknown,Unknown,Unknown,Unknown,,"@big_youngy, @IanM_1970, @KayPeezywee",,phrase_plus_2025,negative
https://x.com/ableskills/status/1912038417413664944,2025-04-15T07:00:57.000Z,"Want to learn how to tile a kitchen splashback, regrout areas, or replace the silicone sealant?

This is all covered in our Introduction to Tiling course. 

You'll learn all about the different adhesives and tiles, tools, grouting and finishing.https://ableskills.co.uk/tiling-courses/city-guilds-4555-introduction-to-tiling/…",Unknown,Unknown,Unknown,Unknown,,@ableskills,https://t.co/OoGtR8JztH,phrase_plus_2025,neutral
https://x.com/vexedbutunvaxed/status/1911921765980553388,2025-04-14T23:17:25.000Z,"Many Uber drivers are highly qualified in their own fields. NZ promises them work then when they get here they have to retrain. Even an electrician from uk withCity & Guildsqualification have to spend thousands to become “NZ” qualified, it's an absolute rort",Unknown,Unknown,Unknown,Unknown,,"@vexedbutunvaxed, @NeroJBlack, @roonsopo",,phrase_plus_2025,neutral
